Workbook

Sheet 共通
A1: 共通パラメータ | B1: 変数名 | C1: 塔1 | D1: 塔2 | E1: 塔3
A2: 計算ステップ [min] | B2: dt | C2: 0.01 | D2: =C2 -> 0.01 | E2: =C2 -> 0.01
A3: ストリーム分割数 | B3: NUM_STR | C3: 2 | D3: =C3 -> 2 | E3: =C3 -> 2
A4: セクション分割数 | B4: NUM_SEC | C4: 20 | D4: =C4 -> 20 | E4: =C4 -> 20

Sheet 触媒充填層条件
A1: 触媒充填層条件 | B1: 変数名 | C1: 塔1 | D1: 塔2 | E1: 塔3
A2: 充填層直径 [m] | B2: Dbed | C2: 0.1552 | D2: 0.1552 | E2: 0.1552
A3: 充填層半径 [m] | B3: Rbed | C3: =C2/2 -> 0.0776 | D3: =D2/2 -> 0.0776 | E3: =E2/2 -> 0.0776
A4: 充填層断面積 [m2] | B4: Sbed | C4: =PI()*C3^2 -> 0.018917917 | D4: =PI()*D3^2 -> 0.018917917 | E4: =PI()*E3^2 -> 0.018917917
A5: 充填層高さ [m] | B5: Lbed | C5: 0.868 | D5: 0.868 | E5: 0.868
A6: 充填層体積 [m3] | B6: Vbed | C6: =C4*C5 -> 0.016420752 | D6: =D4*D5 -> 0.016420752 | E6: =E4*E5 -> 0.016420752
A7: 充填吸着材量 [g] | B7: Mabs | C7: 10800 | D7: 10800 | E7: 10800
A8: 吸着材かさ密度 [g/cm3] | B8: rho_abs | C8: =C7/C6/1000000 -> 0.65770435 | D8: =D7/D6/1000000 -> 0.65770435 | E8: =E7/E6/1000000 -> 0.65770435
A9: 充填層熱伝導率 [W/m/K] | B9: lambda_col | C9: 1.135 | D9: 1.135 | E9: 1.135
A10: 充填層粒子放射率 [-] | B10: epsilon_p | C10: 0.3 | D10: 0.3 | E10: 0.3
A11: 充填層粒子比率 [J/g/K] | B11: cabs | C11: 0.8 | D11: 0.8 | E11: 0.8
A12: 充填層熱容量 [J/K] | B12: Cbed | C12: =C11*C7 -> 8640 | D12: =D11*D7 -> 8640 | E12: =E11*E7 -> 8640
A13: 平均空隙率 [-] | B13: epsilon | C13: 0.36 | D13: 0.36 | E13: 0.36
A14: 平均粒子径 [m] | B14: dp | C14: 0.001 | D14: 0.001 | E14: 0.001
A15: 形状補正係数 [-] | B15: phi | C15: 1 | D15: 1 | E15: 1
A16: 到達真空圧力 [kPaA] | B16: vacuume_pressure | C16: 4 | D16: 4 | E16: 4
A17: 吸着移動係数 [1e-6/sec] | B17: ks_adsorp | C17: 3.5 | D17: 3.5 | E17: 3.5
A18: 脱着移動係数 [1e-6/sec] | B18: ks_desorp | C18: 0.65 | D18: 0.65 | E18: 0.65
A19: 充填層空間体積 [m3] | B19: v_space | C19: =C4*C5*C13 -> 0.0059114707 | D19: =D4*D5*D13 -> 0.0059114707 | E19: =E4*E5*E13 -> 0.0059114707
A20: 上流空間体積 [m3] | B20: v_upstream | C20: 0.07 | D20: 0.07 | E20: 0.07
B21: v_pipespace | C21: 0.005 | D21: 0.005 | E21: 0.005
A22: 初期吸着量 [cm4/g-abs] | B22: init_adsorp_amt | C22: 38 | D22: 38 | E22: 30

Sheet 導入ガス条件
A1: 導入ガス条件 | B1: 変数名 | C1: 塔1 | D1: 塔2 | E1: 塔3
A2: CO2分子量 [g/mol] | B2: mw_co2 | C2: 44 | D2: 44 | E2: 44
A3: CO2流量 [L/min] | B3: fr_co2 | C3: 22 | D3: 22 | E3: 22
A4: N2分子量 [g/mol] | B4: mw_n2 | C4: 28 | D4: 28 | E4: 28
A5: N2流量 [L/min] | B5: fr_n2 | C5: 28 | D5: 28 | E5: 28
A6: 全流量 [L/min] | B6: fr_all | C6: =C3+C5 -> 50 | D6: =D3+D5 -> 50 | E6: =E3+E5 -> 50
A7: 全圧 [MPaA] | B7: total_press | C7: 0.1 | D7: 0.1 | E7: 0.1
A8: 温度 [degC] | B8: temp | C8: 18 | D8: 18 | E8: 18
A9: CO2分率 [co2] | B9: mf_co2 | C9: =C3/C6 -> 0.44 | D9: =D3/D6 -> 0.44 | E9: =E3/E6 -> 0.44
A10: CO2分率 [nitrogen] | B10: mf_n2 | C10: =C5/C6 -> 0.56 | D10: =D5/D6 -> 0.56 | E10: =E5/E6 -> 0.56
A11: CO2密度 [kg/m3] | B11: dense_co2 | C11: 1.8829981 | D11: 1.8829981 | E11: 1.8829981
A12: N2密度 [kg/m3] | B12: dense_n2 | C12: 1.1922472 | D12: 1.1922472 | E12: 1.1922472
A13: 平均密度 [kg/m3] | B13: dense_mean | C13: =C11*C9+C12*C10 -> 1.4961776 | D13: =D11*D9+D12*D10 -> 1.4961776 | E13: =E11*E9+E12*E10 -> 1.4961776
A14: CO2熱伝導率 [W/m/K] | B14: c_co2 | C14: 0.016083292 | D14: 0.016083292 | E14: 0.016083292
A15: N2熱伝導率 [W/m/K] | B15: c_n2 | C15: 0.025327674 | D15: 0.025327674 | E15: 0.025327674
A16: 平均熱伝導率 [W/m/K] | B16: c_mean | C16: =C14*C9+C15*C10 -> 0.021260146 | D16: =D14*D9+D15*D10 -> 0.021260146 | E16: =E14*E9+E15*E10 -> 0.021260146
A17: CO2粘度 [Pas] | B17: vi_co2 | C17: 1.46e-05 | D17: 1.46e-05 | E17: 1.46e-05
A18: N2粘度 [Pas] | B18: vi_n2 | C18: 1.75e-05 | D18: 1.75e-05 | E18: 1.75e-05
A19: 平均粘度 [Pas] | B19: vi_mean | C19: =C17*C9+C18*C10 -> 1.6224e-05 | D19: =D17*D9+D18*D10 -> 1.6224e-05 | E19: =E17*E9+E18*E10 -> 1.6224e-05
A20: エンタルピー [kJ/kg] | B20: enthalpy | C20: 411.4 | D20: 411.4 | E20: 411.4
A21: co2比熱 | B21: cp_co2 | C21: 0.84426034 | D21: 0.84426034 | E21: 0.84426034
A22: n2比熱 | B22: cp_n2 | C22: 1.041367 | D22: 1.041367 | E22: 1.041367
A23: 平均比熱Cp [kJ/kg/K] | B23: cp_mean | C23: =C21*C9+C22*C10 -> 0.95464004 | D23: =D21*D9+D22*D10 -> 0.95464004 | E23: =E21*E9+E22*E10 -> 0.95464004
A24: 1h熱容量 [kJ/K/h] | B24: C_per_hour | C24: =C23*(C3/22.4*C2*60/1000 + C5/22.4*C4*60/1000) -> 4.4799894 | D24: =D23*(D3/22.4*D2*60/1000 + D5/22.4*D4*60/1000) -> 4.4799894 | E24: =E23*(E3/22.4*E2*60/1000 + E5/22.4*E4*60/1000) -> 4.4799894
A25: CO2吸着熱 [kJ/kg] | B25: adsorp_heat_co2 | C25: 700 | D25: 700 | E25: 700
A26: N2吸着熱 [kJ/kg] | B26: adsorp_heat_n2 | C26: 642.9 | D26: 642.9 | E26: 642.9

Sheet 容器壁条件
A1: 容器壁条件 | B1: 変数名 | C1: 塔1 | D1: 塔2 | E1: 塔3
A2: 容器直径 [m] | B2: Ddrum | C2: 0.1652 | D2: 0.1652 | E2: 0.1652
A3: 容器半径 [m] | B3: Rdrum | C3: =C2/2 -> 0.0826 | D3: =D2/2 -> 0.0826 | E3: =E2/2 -> 0.0826
A4: 容器高さ [m] | B4: Ldrum | C4: =触媒充填層条件!C5 -> 0.868 | D4: =触媒充填層条件!D5 -> 0.868 | E4: =触媒充填層条件!E5 -> 0.868
A5: 容器壁厚み [m] | B5: Tdrumw | C5: =C3-触媒充填層条件!C3 -> 0.005 | D5: =D3-触媒充填層条件!D3 -> 0.005 | E5: =E3-触媒充填層条件!E3 -> 0.005
A6: 容器壁断面積 [m2] | B6: Sdrumw | C6: =PI()*(C3^2-触媒充填層条件!C3^2) -> 0.0025164157 | D6: =PI()*(D3^2-触媒充填層条件!D3^2) -> 0.0025164157 | E6: =PI()*(E3^2-触媒充填層条件!E3^2) -> 0.0025164157
A7: 容器壁体積 [m3] | B7: Vdrumw | C7: =C6*C4 -> 0.0021842488 | D7: =D6*D4 -> 0.0021842488 | E7: =E6*E4 -> 0.0021842488
A8: 容器壁密度 [g/cm3] | B8: Dense_drumw | C8: 7.93 | D8: 7.93 | E8: 7.93
A9: 容器壁総重量 [g] | B9: Wdrumw | C9: =C8*C7*1000000 -> 17321.093 | D9: =D8*D7*1000000 -> 17321.093 | E9: =E8*E7*1000000 -> 17321.093
A10: 容器壁比熱 [J/g/K] | B10: sh_drumw | C10: 0.59 | D10: 0.59 | E10: 0.59
A11: 容器壁熱伝導率 [W/m/K] | B11: c_drumw | C11: 16.7 | D11: 16.7 | E11: 16.7
A12: 容器側面積 [m2] | B12: la_drum | C12: =PI()*C2*C4 -> 0.45048428 | D12: =PI()*D2*D4 -> 0.45048428 | E12: =PI()*E2*E4 -> 0.45048428
A13: 外気熱伝達係数 [W/m2/K] | B13: coef_outair_heat | C13: 200 | D13: 200 | E13: 200
A14: 外気温 [℃] | B14: temp_outside | C14: 18 | D14: 16 | E14: 15
A15: 壁-層伝熱係数の補正係数 | B15: coef_hw1 | C15: 0.19 | D15: 0.19 | E15: 0.19

Sheet 上蓋の条件
A1: 上蓋の条件 | B1: 変数名 | C1: 塔1 | D1: 塔2 | E1: 塔3
A2: フランジ径 [mm] | B2: Dflange | C2: 280 | D2: 280 | E2: 280
A3: フランジ厚 [mm] | B3: Tflange | C3: 22 | D3: 22 | E3: 22
A4: 上底フラ内孔径 [mm] | B4: PDflange_up | C4: 34 | D4: 34 | E4: 34
A5: 上底フラ面積 [m2] | B5: Sflange_up | C5: =((C2/2)^2 - (C4/2)^2) * PI() / 1000000 -> 0.060667296 | D5: =((D2/2)^2 - (D4/2)^2) * PI() / 1000000 -> 0.060667296 | E5: =((E2/2)^2 - (E4/2)^2) * PI() / 1000000 -> 0.060667296
A6: 上底フラ体積 [cm3] | B6: Vflange_up | C6: =((C2/2)^2 - (C4/2)^2) * PI() * C3 / 1000 -> 1334.6805 | D6: =((D2/2)^2 - (D4/2)^2) * PI() * D3 / 1000 -> 1334.6805 | E6: =((E2/2)^2 - (E4/2)^2) * PI() * E3 / 1000 -> 1334.6805
A7: 下底フラ内孔径 [mm] | B7: PDflange_dw | C7: 165 | D7: 165 | E7: 165
A8: 下底フラ体積 [cm3] | B8: Vflange_dw | C8: =((C2/2)^2 - (C7/2)^2) * PI() * C3 / 1000 -> 884.24052 | D8: =((D2/2)^2 - (D7/2)^2) * PI() * D3 / 1000 -> 884.24052 | E8: =((E2/2)^2 - (E7/2)^2) * PI() * E3 / 1000 -> 884.24052
A9: フランジ重量 [g] | B9: Mflange | C9: =(C6+C8) * 容器壁条件!C8 -> 17596.044 | D9: =(D6+D8) * 容器壁条件!D8 -> 17596.044 | E9: =(E6+E8) * 容器壁条件!E8 -> 17596.044

Sheet 下蓋の条件
A1: 下蓋の条件 | B1: 変数名 | C1: 塔1 | D1: 塔2 | E1: 塔3
A2: フランジ径 [mm] | B2: Dflange | C2: 280 | D2: 280 | E2: 280
A3: フランジ厚 [mm] | B3: Tflange | C3: 22 | D3: 22 | E3: 22
A4: 下底フラ内孔径 [mm] | B4: PDflange_up | C4: 60.5 | D4: 60.5 | E4: 60.5
A5: 下底フラ面積 [m2] | B5: Sflange_up | C5: =((C2/2)^2 - (C4/2)^2) * PI() / 1000000 -> 0.058700462 | D5: =((D2/2)^2 - (D4/2)^2) * PI() / 1000000 -> 0.058700462 | E5: =((E2/2)^2 - (E4/2)^2) * PI() / 1000000 -> 0.058700462
A6: 下底フラ体積 [cm3] | B6: Vflange_up | C6: =((C2/2)^2 - (C4/2)^2) * PI() * C3 / 1000 -> 1291.4102 | D6: =((D2/2)^2 - (D4/2)^2) * PI() * D3 / 1000 -> 1291.4102 | E6: =((E2/2)^2 - (E4/2)^2) * PI() * E3 / 1000 -> 1291.4102
A7: 上底フラ内孔径 [mm] | B7: PDflange_dw | C7: 165 | D7: 165 | E7: 165
A8: 上底フラ体積 [cm3] | B8: Vflange_dw | C8: =((C2/2)^2 - (C7/2)^2) * PI() * C3 / 1000 -> 884.24052 | D8: =((D2/2)^2 - (D7/2)^2) * PI() * D3 / 1000 -> 884.24052 | E8: =((E2/2)^2 - (E7/2)^2) * PI() * E3 / 1000 -> 884.24052
A9: フランジ重量 [g] | B9: Mflange | C9: =(C6+C8) * 容器壁条件!C8 -> 17252.91 | D9: =(D6+D8) * 容器壁条件!D8 -> 17252.91 | E9: =(E6+E8) * 容器壁条件!E8 -> 17252.91

Sheet 均圧配管条件
A1: 均圧配管条件 | B1: 変数名 | C1: 塔1 | D1: 塔2 | E1: 塔3
A2: 均圧配管の長さ [m] | B2: Lpipe | C2: 2 | D2: 2 | E2: 2
A3: 均圧配管径 [m] | B3: Dpipe | C3: 0.01 | D3: 0.01 | E3: 0.01
A4: 配管断面積 [m2] | B4: Spipe | C4: =PI()*C3^2/4 -> 7.8539816e-05 | D4: =PI()*D3^2/4 -> 7.8539816e-05 | E4: =PI()*E3^2/4 -> 7.8539816e-05
A5: 配管体積 [m3] | B5: Vpipe | C5: =C4*C2+C8 -> 0.05015708 | D5: =D4*D2+D8 -> 0.05015708 | E5: =E4*E2+E8 -> 0.05015708
A6: 流速補正係数 [-] | B6: coef_fr | C6: 1 | D6: 1 | E6: 1
A7: 上部空間体積 [m3] | B7: V_upper_pipe | C7: 0.001 | D7: 0.001 | E7: 0.003
B8: V_equalpipespace | C8: 0.05 | D8: 0.05 | E8: 0.05

Sheet 真空引き配管条件
A1: 真空引き配管条件 | B1: 変数名 | C1: 塔1 | D1: 塔2 | E1: 塔3
A2: 真空引き配管長さ [m] | B2: Lpipe | C2: 2 | D2: 2 | E2: 2
A3: 真空引き配管直径 [m] | B3: Dpipe | C3: 0.025 | D3: 0.025 | E3: 0.025
A4: 真空引き配管断面積 [m2] | B4: Spipe | C4: =PI()*C3^2/4 -> 0.00049087385 | D4: =PI()*D3^2/4 -> 0.00049087385 | E4: =PI()*E3^2/4 -> 0.00049087385
A5: 真空排気ライン空間体積 [m3] | B5: Vpipe | C5: 0.005 | D5: 0.005 | E5: 0.005
A6: 真空排気空間容積 [m3] | B6: Vspace | C6: =C5+触媒充填層条件!C19 -> 0.010911471 | D6: =D5+触媒充填層条件!D19 -> 0.010911471 | E6: =E5+触媒充填層条件!E19 -> 0.010911471

Sheet 熱電対条件
A1: 熱電対条件 | B1: 変数名 | C1: 塔1 | D1: 塔2 | E1: 塔3
A2: 熱電対比熱 [J/g/K] | B2: cp | C2: 0.4 | D2: 0.4 | E2: 0.4
A3: 熱電対重量 [g] | B3: weight | C3: 1 | D3: 1 | E3: 1
A4: 熱電対伝熱補正係数 | B4: coef_heat_transfer | C4: 1 | D4: 1 | E4: 1
