Workbook

Sheet 共通
A1: 共通パラメータ | B1: 変数名 | C1: 塔1 | D1: 塔2 | E1: 塔3
A2: 計算ステップ [min] | B2: calculation_step_time | C2: 0.01 | D2: =C2 -> 0.01 | E2: =C2 -> 0.01
A3: ストリーム分割数 | B3: num_streams | C3: 2 | D3: =C3 -> 2 | E3: =C3 -> 2
A4: セクション分割数 | B4: num_sections | C4: 20 | D4: =C4 -> 20 | E4: =C4 -> 20
A5: エクセル出力[1/0] | B5: use_xlsx | C5: 0 | D5: 0 | E5: 0
A6: グラフ用セクション番号 | B6: sections_for_graph | C6: 2;10;18 | D6: 2;10;18 | E6: 2;10;18

Sheet 触媒充填層条件
A1: 触媒充填層条件 | B1: 変数名 | C1: 塔1 | D1: 塔2 | E1: 塔3
A2: 充填層直径 [m] | B2: diameter | C2: 0.1552 | D2: 0.1552 | E2: 0.1552
A3: 充填層半径 [m] | B3: radius | C3: =C2/2 -> 0.0776 | D3: =D2/2 -> 0.0776 | E3: =E2/2 -> 0.0776
A4: 充填層断面積 [m2] | B4: cross_section | C4: =PI()*C3^2 -> 0.018917917 | D4: =PI()*D3^2 -> 0.018917917 | E4: =PI()*E3^2 -> 0.018917917
A5: 充填層高さ [m] | B5: height | C5: 0.868 | D5: 0.868 | E5: 0.868
A6: 充填層体積 [m3] | B6: volume | C6: =C4*C5 -> 0.016420752 | D6: =D4*D5 -> 0.016420752 | E6: =E4*E5 -> 0.016420752
A7: 充填吸着材量 [g] | B7: adsorbent_mass | C7: 10800 | D7: 10800 | E7: 10800
A8: 充填吸着材かさ密度 [g/cm3] | B8: adsorbent_bulk_density | C8: =C7/C6/1000000 -> 0.65770435 | D8: =D7/D6/1000000 -> 0.65770435 | E8: =E7/E6/1000000 -> 0.65770435
A9: 充填層熱伝導率 [W/m/K] | B9: thermal_conductivity | C9: 1.135 | D9: 1.135 | E9: 1.135
A10: 充填層放射率 [-] | B10: emissivity | C10: 0.3 | D10: 0.3 | E10: 0.3
A11: 充填層比熱容量 [J/g/K] | B11: specific_heat_capacity | C11: 0.8 | D11: 0.8 | E11: 0.8
A12: 充填層熱容量 [J/K] | B12: heat_capacity | C12: =C11*C7 -> 8640 | D12: =D11*D7 -> 8640 | E12: =E11*E7 -> 8640
A13: 平均空隙率 [-] | B13: average_porosity | C13: 0.36 | D13: 0.36 | E13: 0.36
A14: 平均粒子径 [m] | B14: average_particle_diameter | C14: 0.001 | D14: 0.001 | E14: 0.001
A15: 形状補正係数 [-] | B15: particle_shape_factor | C15: 1 | D15: 1 | E15: 1
A16: 容器内初期圧力 [MPaA] | B16: initial_internal_pressure | C16: 0.099 | D16: 0.004 | E16: 0.004
A17: 吸着移動係数 [1e-6/sec] | B17: adsorption_mass_transfer_coef | C17: 3.5 | D17: 3.5 | E17: 3.5
A18: 脱着移動係数 [1e-6/sec] | B18: desorption_mass_transfer_coef | C18: 0.65 | D18: 0.65 | E18: 0.65
A19: 充填層空間体積 [m3] | B19: void_volume | C19: =C4*C5*C13 -> 0.0059114707 | D19: =D4*D5*D13 -> 0.0059114707 | E19: =E4*E5*E13 -> 0.0059114707
A20: 容器上流配管体積[m3] | B20: upstream_piping_volume | C20: 0.07 | D20: 0.07 | E20: 0.07
A21: 容器内部空間体積[m3] | B21: vessel_internal_void_volume | C21: 0.005 | D21: 0.005 | E21: 0.005
A22: 充填層初期吸着量[Ncm3/g-abs] | B22: initial_adsorption_amount | C22: =C24*1000*(252.0724-0.50989705*(C23+273.15))/(C24*1000-3554.54819062669*POWER(1-0.0655247236249063*POWER((C23+273.15),0.5),3)+1.7354268) -> 29.369588 | D22: =D24*1000*(252.0724-0.50989705*(D23+273.15))/(D24*1000-3554.54819062669*POWER(1-0.0655247236249063*POWER((D23+273.15),0.5),3)+1.7354268) -> 31.29459 | E22: =E24*1000*(252.0724-0.50989705*(E23+273.15))/(E24*1000-3554.54819062669*POWER(1-0.0655247236249063*POWER((E23+273.15),0.5),3)+1.7354268) -> 32.296202
A23: 初期温度[degC] | B23: initial_temperature | C23: 18 | D23: 16 | E23: 15
A24: 初期CO2分圧[MPaA] | B24: initial_co2_partial_pressure | C24: 0.003 | D24: 0.003 | E24: 0.003
A25: 初期N2分圧[MPaA] | B25: initial_n2_partial_pressure | C25: =C16-C24 -> 0.096 | D25: =D16-D24 -> 0.001 | E25: =E16-E24 -> 0.001
A26: 初期CO2モル分率[-] | B26: initial_co2_mole_fraction | C26: =C24/C16 -> 0.03030303 | D26: =D24/D16 -> 0.75 | E26: =E24/E16 -> 0.75
A27: 初期N2モル分率[-] | B27: initial_n2_mole_fraction | C27: =1-C26 -> 0.96969697 | D27: =1-D26 -> 0.25 | E27: =1-E26 -> 0.25

Sheet 導入ガス条件
A1: 導入ガス条件 | B1: 変数名 | C1: 塔1 | D1: 塔2 | E1: 塔3
A2: CO2分子量 [g/mol] | B2: co2_molecular_weight | C2: 44 | D2: 44 | E2: 44
A3: CO2流量[Nm3/h] | B3: co2_flow_rate_normal | C3: 2.6 | D3: 2.6 | E3: 2.6
A4: CO2流量 [L/min] | B4: co2_flow_rate | C4: =C3*((C$10+273.15)/273.15)*(0.101325/C$9)*1000/60 -> 46.80091 | D4: =D3*((D$10+273.15)/273.15)*(0.101325/D$9)*1000/60 -> 46.80091 | E4: =E3*((E$10+273.15)/273.15)*(0.101325/E$9)*1000/60 -> 46.80091
A5: N2分子量 [g/mol] | B5: n2_molecular_weight | C5: 28 | D5: 28 | E5: 28
A6: N2流量[Nm3/h] | B6: n2_flow_rate_normal | C6: 2.8 | D6: 2.8 | E6: 2.8
A7: N2流量 [L/min] | B7: n2_flow_rate | C7: =C6*((C$10+273.15)/273.15)*(0.101325/C$9)*1000/60 -> 50.40098 | D7: =D6*((D$10+273.15)/273.15)*(0.101325/D$9)*1000/60 -> 50.40098 | E7: =E6*((E$10+273.15)/273.15)*(0.101325/E$9)*1000/60 -> 50.40098
A8: 全流量 [L/min] | B8: total_flow_rate | C8: =C4+C7 -> 97.20189 | D8: =D4+D7 -> 97.20189 | E8: =E4+E7 -> 97.20189
A9: 全圧 [MPaA] | B9: total_pressure | C9: 0.1 | D9: 0.1 | E9: 0.1
A10: 温度 [degC] | B10: temperature | C10: 18 | D10: 18 | E10: 18
A11: CO2分率 [co2] | B11: co2_mole_fraction | C11: =C4/C8 -> 0.48148148 | D11: =D4/D8 -> 0.48148148 | E11: =E4/E8 -> 0.48148148
A12: CO2分率 [nitrogen] | B12: n2_mole_fraction | C12: =C7/C8 -> 0.51851852 | D12: =D7/D8 -> 0.51851852 | E12: =E7/E8 -> 0.51851852
A13: CO2密度 [kg/m3] | B13: co2_density | C13: 1.8829981 | D13: 1.8829981 | E13: 1.8829981
A14: N2密度 [kg/m3] | B14: n2_density | C14: 1.1922472 | D14: 1.1922472 | E14: 1.1922472
A15: 平均密度 [kg/m3] | B15: average_density | C15: =C13*C11+C14*C12 -> 1.524831 | D15: =D13*D11+D14*D12 -> 1.524831 | E15: =E13*E11+E14*E12 -> 1.524831
A16: CO2熱伝導率 [W/m/K] | B16: co2_thermal_conductivity | C16: 0.016083292 | D16: 0.016083292 | E16: 0.016083292
A17: N2熱伝導率 [W/m/K] | B17: n2_thermal_conductivity | C17: 0.025327674 | D17: 0.025327674 | E17: 0.025327674
A18: 平均熱伝導率 [W/m/K] | B18: average_thermal_conductivity | C18: =C16*C11+C17*C12 -> 0.020876675 | D18: =D16*D11+D17*D12 -> 0.020876675 | E18: =E16*E11+E17*E12 -> 0.020876675
A19: CO2粘度 [Pas] | B19: co2_viscosity | C19: 1.46e-05 | D19: 1.46e-05 | E19: 1.46e-05
A20: N2粘度 [Pas] | B20: n2_viscosity | C20: 1.75e-05 | D20: 1.75e-05 | E20: 1.75e-05
A21: 平均粘度 [Pas] | B21: average_viscosity | C21: =C19*C11+C20*C12 -> 1.6103704e-05 | D21: =D19*D11+D20*D12 -> 1.6103704e-05 | E21: =E19*E11+E20*E12 -> 1.6103704e-05
A22: エンタルピー [kJ/kg] | B22: enthalpy | C22: 411.4 | D22: 411.4 | E22: 411.4
A23: co2比熱 | B23: co2_specific_heat_capacity | C23: 0.84426034 | D23: 0.84426034 | E23: 0.84426034
A24: n2比熱 | B24: n2_specific_heat_capacity | C24: 1.041367 | D24: 1.041367 | E24: 1.041367
A25: 平均比熱Cp [kJ/kg/K] | B25: average_specific_heat_capacity | C25: =C23*C11+C24*C12 -> 0.94646377 | D25: =D23*D11+D24*D12 -> 0.94646377 | E25: =E23*E11+E24*E12 -> 0.94646377
A26: 1h熱容量 [kJ/K/h] | B26: heat_capacity_per_hour | C26: =C25*(C4/22.4*C2*60/1000 + C7/22.4*C5*60/1000) -> 8.7982279 | D26: =D25*(D4/22.4*D2*60/1000 + D7/22.4*D5*60/1000) -> 8.7982279 | E26: =E25*(E4/22.4*E2*60/1000 + E7/22.4*E5*60/1000) -> 8.7982279
A27: CO2吸着熱 [kJ/kg] | B27: co2_adsorption_heat | C27: 700 | D27: 700 | E27: 700
A28: N2吸着熱 [kJ/kg] | B28: n2_adsorption_heat | C28: 642.9 | D28: 642.9 | E28: 642.9

Sheet 容器壁条件
A1: 容器壁条件 | B1: 変数名 | C1: 塔1 | D1: 塔2 | E1: 塔3
A2: 容器直径 [m] | B2: diameter | C2: 0.1652 | D2: 0.1652 | E2: 0.1652
A3: 容器半径 [m] | B3: radius | C3: =C2/2 -> 0.0826 | D3: =D2/2 -> 0.0826 | E3: =E2/2 -> 0.0826
A4: 容器高さ [m] | B4: height | C4: =触媒充填層条件!C5 -> 0.868 | D4: =触媒充填層条件!D5 -> 0.868 | E4: =触媒充填層条件!E5 -> 0.868
A5: 容器壁厚み [m] | B5: wall_thickness | C5: =C3-触媒充填層条件!C3 -> 0.005 | D5: =D3-触媒充填層条件!D3 -> 0.005 | E5: =E3-触媒充填層条件!E3 -> 0.005
A6: 容器壁断面積 [m2] | B6: wall_cross_section | C6: =PI()*(C3^2-触媒充填層条件!C3^2) -> 0.0025164157 | D6: =PI()*(D3^2-触媒充填層条件!D3^2) -> 0.0025164157 | E6: =PI()*(E3^2-触媒充填層条件!E3^2) -> 0.0025164157
A7: 容器壁体積 [m3] | B7: wall_volume | C7: =C6*C4 -> 0.0021842488 | D7: =D6*D4 -> 0.0021842488 | E7: =E6*E4 -> 0.0021842488
A8: 容器壁密度 [g/cm3] | B8: wall_density | C8: 7.93 | D8: 7.93 | E8: 7.93
A9: 容器壁総重量 [g] | B9: wall_total_weight | C9: =C8*C7*1000000 -> 17321.093 | D9: =D8*D7*1000000 -> 17321.093 | E9: =E8*E7*1000000 -> 17321.093
A10: 容器壁比熱 [J/g/K] | B10: wall_specific_heat_capacity | C10: 0.59 | D10: 0.59 | E10: 0.59
A11: 容器壁熱伝導率 [W/m/K] | B11: wall_thermal_conductivity | C11: 16.7 | D11: 16.7 | E11: 16.7
A12: 容器側面積 [m2] | B12: lateral_surface_area | C12: =PI()*C2*C4 -> 0.45048428 | D12: =PI()*D2*D4 -> 0.45048428 | E12: =PI()*E2*E4 -> 0.45048428
A13: 外気熱伝達係数 [W/m2/K] | B13: external_heat_transfer_coef | C13: 200 | D13: 200 | E13: 200
A14: 外気温 [℃] | B14: ambient_temperature | C14: 18 | D14: 16 | E14: 15
A15: 壁-層伝熱係数の補正係数 | B15: wall_to_bed_htc_correction_factor | C15: 0.19 | D15: 0.19 | E15: 0.19

Sheet 蓋条件
A1: 上蓋の条件 | B1: 変数名 | C1: 塔1 | D1: 塔2 | E1: 塔3
A2: 蓋フランジ径[mm] | B2: flange_diameter | C2: 280 | D2: 280 | E2: 280
A3: 蓋フランジ厚 [mm] | B3: flange_thickness | C3: 22 | D3: 22 | E3: 22
A4: 上側蓋フランジ内孔径 [mm] | B4: outer_flange_inner_diameter | C4: 34 | D4: 34 | E4: 34
A5: 上側蓋フランジ面積 [m2] | B5: outer_flange_area | C5: =((C2/2)^2 - (C4/2)^2) * PI() / 1000000 -> 0.060667296 | D5: =((D2/2)^2 - (D4/2)^2) * PI() / 1000000 -> 0.060667296 | E5: =((E2/2)^2 - (E4/2)^2) * PI() / 1000000 -> 0.060667296
A6: 上側蓋フランジ体積 [cm3] | B6: outer_flange_volume | C6: =((C2/2)^2 - (C4/2)^2) * PI() * C3 / 1000 -> 1334.6805 | D6: =((D2/2)^2 - (D4/2)^2) * PI() * D3 / 1000 -> 1334.6805 | E6: =((E2/2)^2 - (E4/2)^2) * PI() * E3 / 1000 -> 1334.6805
A7: 下側蓋フランジ内孔径 [mm] | B7: inner_flange_inner_diameter | C7: 165 | D7: 165 | E7: 165
A8: 下側蓋フランジ体積 [cm3] | B8: inner_flange_volume | C8: =((C2/2)^2 - (C7/2)^2) * PI() * C3 / 1000 -> 884.24052 | D8: =((D2/2)^2 - (D7/2)^2) * PI() * D3 / 1000 -> 884.24052 | E8: =((E2/2)^2 - (E7/2)^2) * PI() * E3 / 1000 -> 884.24052
A9: 蓋フランジ総重量 [g] | B9: flange_total_weight | C9: =(C6+C8) * 容器壁条件!C8 -> 17596.044 | D9: =(D6+D8) * 容器壁条件!D8 -> 17596.044 | E9: =(E6+E8) * 容器壁条件!E8 -> 17596.044

Sheet 底条件
A1: 下蓋の条件 | B1: 変数名 | C1: 塔1 | D1: 塔2 | E1: 塔3
A2: 底フランジ径 [mm] | B2: flange_diameter | C2: 280 | D2: 280 | E2: 280
A3: 底フランジ厚 [mm] | B3: flange_thickness | C3: 22 | D3: 22 | E3: 22
A4: 下側底フランジ内孔径 [mm] | B4: outer_flange_inner_diameter | C4: 60.5 | D4: 60.5 | E4: 60.5
A5: 下側底フランジ面積 [m2] | B5: outer_flange_area | C5: =((C2/2)^2 - (C4/2)^2) * PI() / 1000000 -> 0.058700462 | D5: =((D2/2)^2 - (D4/2)^2) * PI() / 1000000 -> 0.058700462 | E5: =((E2/2)^2 - (E4/2)^2) * PI() / 1000000 -> 0.058700462
A6: 下側底フランジ体積 [cm3] | B6: outer_flange_volume | C6: =((C2/2)^2 - (C4/2)^2) * PI() * C3 / 1000 -> 1291.4102 | D6: =((D2/2)^2 - (D4/2)^2) * PI() * D3 / 1000 -> 1291.4102 | E6: =((E2/2)^2 - (E4/2)^2) * PI() * E3 / 1000 -> 1291.4102
A7: 上側底フランジ内孔径 [mm] | B7: inner_flange_inner_diameter | C7: 165 | D7: 165 | E7: 165
A8: 上側底フランジ体積 [cm3] | B8: inner_flange_volume | C8: =((C2/2)^2 - (C7/2)^2) * PI() * C3 / 1000 -> 884.24052 | D8: =((D2/2)^2 - (D7/2)^2) * PI() * D3 / 1000 -> 884.24052 | E8: =((E2/2)^2 - (E7/2)^2) * PI() * E3 / 1000 -> 884.24052
A9: 底フランジ総重量 [g] | B9: flange_total_weight | C9: =(C6+C8) * 容器壁条件!C8 -> 17252.91 | D9: =(D6+D8) * 容器壁条件!D8 -> 17252.91 | E9: =(E6+E8) * 容器壁条件!E8 -> 17252.91

Sheet 均圧配管条件
A1: 均圧配管条件 | B1: 変数名 | C1: 塔1 | D1: 塔2 | E1: 塔3
A2: 均圧配管の長さ [m] | B2: length | C2: 2 | D2: 2 | E2: 2
A3: 均圧配管径 [m] | B3: diameter | C3: 0.01 | D3: 0.01 | E3: 0.01
A4: 配管断面積 [m2] | B4: cross_section | C4: =PI()*C3^2/4 -> 7.8539816e-05 | D4: =PI()*D3^2/4 -> 7.8539816e-05 | E4: =PI()*E3^2/4 -> 7.8539816e-05
A5: 配管体積 [m3] | B5: volume | C5: =C4*C2+C8 -> 0.05015708 | D5: =D4*D2+D8 -> 0.05015708 | E5: =E4*E2+E8 -> 0.05015708
A6: 流速補正係数 [-] | B6: flow_velocity_correction_factor | C6: 1 | D6: 1 | E6: 1
A7: 配管直管部空間体積 [m3] | B7: main_part_volume | C7: 0.001 | D7: 0.001 | E7: 0.003
A8: 配管よどみ部空間体積[m3] | B8: isolated_equalizing_volume | C8: 0.05 | D8: 0.05 | E8: 0.05

Sheet 真空引き配管条件
A1: 真空引き配管条件 | B1: 変数名 | C1: 塔1 | D1: 塔2 | E1: 塔3
A2: 真空引き配管長さ [m] | B2: length | C2: 2 | D2: 2 | E2: 2
A3: 真空引き配管直径 [m] | B3: diameter | C3: 0.025 | D3: 0.025 | E3: 0.025
A4: 真空引き配管断面積 [m2] | B4: cross_section | C4: =PI()*C3^2/4 -> 0.00049087385 | D4: =PI()*D3^2/4 -> 0.00049087385 | E4: =PI()*E3^2/4 -> 0.00049087385
A5: 真空排気ライン空間体積 [m3] | B5: volume | C5: 0.005 | D5: 0.005 | E5: 0.005
A6: 真空排気空間容積 [m3] | B6: space_volume | C6: =C5+触媒充填層条件!C19 -> 0.010911471 | D6: =D5+触媒充填層条件!D19 -> 0.010911471 | E6: =E5+触媒充填層条件!E19 -> 0.010911471
A7: 真空ポンプ排気速度[m3/min] | B7: vacuum_pumping_speed | C7: 1.67 | D7: 1.67 | E7: 1.67
A8: 排気速度補正１[-] | B8: pump_correction_factor_1 | C8: 0.1 | D8: 0.1 | E8: 0.1
A9: 排気速度補正２[-] | B9: pump_correction_factor_2 | C9: 5000 | D9: 5000 | E9: 5000

Sheet 熱電対条件
A1: 熱電対条件 | B1: 変数名 | C1: 塔1 | D1: 塔2 | E1: 塔3
A2: 熱電対比熱 [J/g/K] | B2: specific_heat | C2: 0.4 | D2: 0.4 | E2: 0.4
A3: 熱電対重量 [g] | B3: weight | C3: 1 | D3: 1 | E3: 1
A4: 熱電対伝熱補正係数 | B4: heat_transfer_correction_factor | C4: 1 | D4: 1 | E4: 1
